{
	"class_name" : "PinholeCameraParameters",
	"extrinsic" : 
	[
		0.0014058884803539128,
		-0.42948881525929122,
		0.90307081505743758,
		0.0,
		-0.99997348791005347,
		-0.0070559969649270611,
		-0.0017989996315775064,
		0.0,
		0.0071447151505790035,
		-0.90304461156357119,
		-0.42948791204389108,
		0.0,
		-0.082461993111441506,
		19.119838786544918,
		67.07666253556053,
		1.0
	],
	"intrinsic" : 
	{
		"height" : 1080,
		"intrinsic_matrix" : 
		[
			935.30743608719376,
			0.0,
			0.0,
			0.0,
			935.30743608719376,
			0.0,
			959.5,
			539.5,
			1.0
		],
		"width" : 1920
	},
	"version_major" : 1,
	"version_minor" : 0
}